{
  "homeOneBanner": {
    "id": 1,
    "title": "Holiday Offers",
    "slug": "winter-offer",
    "image": {
      "mobile": {
        "url": "/assets/images/banner/banner-mobile-1.jpg",
        "width": 450,
        "height": 120
      },
      "desktop": {
        "url": "/assets/images/banner/banner-1.jpg",
        "width": 1800,
        "height": 270
      }
    }
  },
  "homeOneHeroBanner": [
    {
      "id": 1,
      "title": "Winter Collection",
      "slug": "winter-collection",
      "image": {
        "mobile": {
          "url": "/assets/images/hero/banner-mobile-1.jpg",
          "width": 480,
          "height": 275
        },
        "desktop": {
          "url": "/assets/images/hero/banner-1.jpg",
          "width": 1800,
          "height": 800
        }
      }
    },
    {
      "id": 2,
      "title": "Gift Collection",
      "slug": "gift-collection",
      "image": {
        "mobile": {
          "url": "/assets/images/hero/banner-mobile-2.jpg",
          "width": 480,
          "height": 275
        },
        "desktop": {
          "url": "/assets/images/hero/banner-2.jpg",
          "width": 1800,
          "height": 800
        }
      }
    },
    {
      "id": 3,
      "title": "Party Collection",
      "slug": "gift-collection",
      "image": {
        "mobile": {
          "url": "/assets/images/hero/banner-mobile-3.jpg",
          "width": 480,
          "height": 275
        },
        "desktop": {
          "url": "/assets/images/hero/banner-3.jpg",
          "width": 1800,
          "height": 800
        }
      }
    }
  ],
  "homeTwoHeroBanner": [
    {
      "id": 1,
      "title": "Winter Collection",
      "slug": "winter-collection",
      "image": {
        "mobile": {
          "url": "/assets/images/hero/two/banner-mobile-1.jpg",
          "width": 450,
          "height": 275
        },
        "desktop": {
          "url": "/assets/images/hero/two/banner-1.jpg",
          "width": 1450,
          "height": 800
        }
      }
    },
    {
      "id": 2,
      "title": "Gift Collection",
      "slug": "gift-collection",
      "image": {
        "mobile": {
          "url": "/assets/images/hero/two/banner-mobile-2.jpg",
          "width": 450,
          "height": 275
        },
        "desktop": {
          "url": "/assets/images/hero/two/banner-2.jpg",
          "width": 1450,
          "height": 800
        }
      }
    },
    {
      "id": 3,
      "title": "Party Collection",
      "slug": "gift-collection",
      "image": {
        "mobile": {
          "url": "/assets/images/hero/two/banner-mobile-3.jpg",
          "width": 450,
          "height": 275
        },
        "desktop": {
          "url": "/assets/images/hero/two/banner-3.jpg",
          "width": 1450,
          "height": 800
        }
      }
    }
  ],
  "homeThreeBanner": [
    {
      "id": 1,
      "title": "Winter Collection of Kid Items",
      "slug": "winter-collection",
      "image": {
        "mobile": {
          "url": "/assets/images/banner/banner-mobile-3.jpg",
          "width": 450,
          "height": 180
        },
        "desktop": {
          "url": "/assets/images/banner/banner-3.jpg",
          "width": 1800,
          "height": 570
        }
      }
    },
    {
      "id": 2,
      "title": "Offer Off Everything",
      "slug": "winter-offers",
      "image": {
        "mobile": {
          "url": "/assets/images/banner/banner-mobile-4.jpg",
          "width": 450,
          "height": 130
        },
        "desktop": {
          "url": "/assets/images/banner/banner-4.jpg",
          "width": 1800,
          "height": 420
        }
      }
    }
  ],
  "homeThreeMasonryBanner": [
    {
      "id": 1,
      "title": "Men's Collection",
      "slug": "mens-collection",
      "image": {
        "mobile": {
          "url": "/assets/images/banner/masonry/banner-mobile-1.jpg",
          "width": 470,
          "height": 232
        },
        "desktop": {
          "url": "/assets/images/banner/masonry/banner-1.jpg",
          "width": 1078,
          "height": 425
        }
      },
      "type": "medium"
    },
    {
      "id": 2,
      "title": "New Sports",
      "slug": "new-sports",
      "image": {
        "mobile": {
          "url": "/assets/images/banner/masonry/banner-mobile-2.jpg",
          "width": 232,
          "height": 232
        },
        "desktop": {
          "url": "/assets/images/banner/masonry/banner-2.jpg",
          "width": 425,
          "height": 425
        }
      },
      "type": "small"
    },
    {
      "id": 3,
      "title": "Dress Women",
      "slug": "womens-collection",
      "image": {
        "mobile": {
          "url": "/assets/images/banner/masonry/banner-mobile-3.jpg",
          "width": 232,
          "height": 232
        },
        "desktop": {
          "url": "/assets/images/banner/masonry/banner-3.jpg",
          "width": 425,
          "height": 425
        }
      },
      "type": "small"
    },
    {
      "id": 4,
      "title": "Exclusive Sunglasses",
      "slug": "exclusive-sunglasses",
      "image": {
        "mobile": {
          "url": "/assets/images/banner/masonry/banner-mobile-4.jpg",
          "width": 232,
          "height": 232
        },
        "desktop": {
          "url": "/assets/images/banner/masonry/banner-4.jpg",
          "width": 425,
          "height": 425
        }
      },
      "type": "small"
    },
    {
      "id": 5,
      "title": "Product Coupons",
      "slug": "product-coupons",
      "image": {
        "mobile": {
          "url": "/assets/images/banner/masonry/banner-mobile-5.jpg",
          "width": 232,
          "height": 232
        },
        "desktop": {
          "url": "/assets/images/banner/masonry/banner-5.jpg",
          "width": 425,
          "height": 425
        }
      },
      "type": "small"
    },
    {
      "id": 6,
      "title": "New Backpack",
      "slug": "new-backpack",
      "image": {
        "mobile": {
          "url": "/assets/images/banner/masonry/banner-mobile-6.jpg",
          "width": 470,
          "height": 232
        },
        "desktop": {
          "url": "/assets/images/banner/masonry/banner-6.jpg",
          "width": 1078,
          "height": 425
        }
      },
      "type": "medium"
    }
  ],
  "bannerGrid": [
    {
      "id": 1,
      "title": "Women T-Shirts Collection",
      "slug": "womens-collection",
      "image": {
        "mobile": {
          "url": "/assets/images/banner/grid/banner-mobile-1.jpg",
          "width": 450,
          "height": 140
        },
        "desktop": {
          "url": "/assets/images/banner/grid/banner-1.jpg",
          "width": 885,
          "height": 430
        }
      },
      "type": "small"
    },
    {
      "id": 2,
      "title": "Women Jins Collection",
      "slug": "womens-collection",
      "image": {
        "mobile": {
          "url": "/assets/images/banner/grid/banner-mobile-2.jpg",
          "width": 450,
          "height": 140
        },
        "desktop": {
          "url": "/assets/images/banner/grid/banner-2.jpg",
          "width": 885,
          "height": 430
        }
      },
      "type": "small"
    },
    {
      "id": 3,
      "title": "New Backpack",
      "slug": "new-backpack",
      "image": {
        "mobile": {
          "url": "/assets/images/banner/grid/banner-mobile-3.jpg",
          "width": 450,
          "height": 140
        },
        "desktop": {
          "url": "/assets/images/banner/grid/banner-3.jpg",
          "width": 1800,
          "height": 430
        }
      },
      "type": "large"
    }
  ],
  "promotionBanner": [
    {
      "id": 1,
      "title": "Travel Baggage",
      "slug": "new-backpack",
      "image": {
        "mobile": {
          "url": "/assets/images/banner/slider/mobile/banner-1.jpg",
          "width": 450,
          "height": 180
        },
        "desktop": {
          "url": "/assets/images/banner/slider/banner-1.jpg",
          "width": 1440,
          "height": 570
        }
      },
      "type": "small"
    },
    {
      "id": 2,
      "title": "Women's Collection",
      "slug": "womens-collection",
      "image": {
        "mobile": {
          "url": "/assets/images/banner/slider/mobile/banner-2.jpg",
          "width": 450,
          "height": 180
        },
        "desktop": {
          "url": "/assets/images/banner/slider/banner-2.jpg",
          "width": 1440,
          "height": 570
        }
      },
      "type": "small"
    },
    {
      "id": 3,
      "title": "Winter Collection",
      "slug": "winter-collection",
      "image": {
        "mobile": {
          "url": "/assets/images/banner/slider/mobile/banner-3.jpg",
          "width": 450,
          "height": 180
        },
        "desktop": {
          "url": "/assets/images/banner/slider/banner-3.jpg",
          "width": 1440,
          "height": 570
        }
      },
      "type": "large"
    }
  ],
  "promotionBannerTwo": [
    {
      "id": 1,
      "title": "Men's Collection",
      "slug": "mens-collection",
      "image": {
        "mobile": {
          "url": "/assets/images/banner/small/banner-mobile-1.jpg",
          "width": 450,
          "height": 150
        },
        "desktop": {
          "url": "/assets/images/banner/small/banner-1.jpg",
          "width": 580,
          "height": 360
        }
      }
    },
    {
      "id": 2,
      "title": "Women's Collection",
      "slug": "womens-collection",
      "image": {
        "mobile": {
          "url": "/assets/images/banner/small/banner-mobile-2.jpg",
          "width": 450,
          "height": 150
        },
        "desktop": {
          "url": "/assets/images/banner/small/banner-2.jpg",
          "width": 580,
          "height": 360
        }
      }
    },
    {
      "id": 3,
      "title": "Kid's Collection",
      "slug": "kids-collection",
      "image": {
        "mobile": {
          "url": "/assets/images/banner/small/banner-mobile-3.jpg",
          "width": 450,
          "height": 150
        },
        "desktop": {
          "url": "/assets/images/banner/small/banner-3.jpg",
          "width": 580,
          "height": 360
        }
      }
    }
  ],
  "bannerDataOne": [
    {
      "id": 1,
      "title": "Men's Collection",
      "slug": "mens-collection",
      "image": {
        "mobile": {
          "url": "/assets/images/banner/masonry/banner-mobile-1.jpg",
          "width": 470,
          "height": 232
        },
        "desktop": {
          "url": "/assets/images/banner/masonry/banner-1.jpg",
          "width": 1078,
          "height": 425
        }
      },
      "type": "medium"
    },
    {
      "id": 2,
      "title": "New Sports",
      "slug": "new-sports",
      "image": {
        "mobile": {
          "url": "/assets/images/banner/masonry/banner-mobile-2.jpg",
          "width": 232,
          "height": 232
        },
        "desktop": {
          "url": "/assets/images/banner/masonry/banner-2.jpg",
          "width": 425,
          "height": 425
        }
      },
      "type": "small"
    },
    {
      "id": 3,
      "title": "Dress Women",
      "slug": "womens-collection",
      "image": {
        "mobile": {
          "url": "/assets/images/banner/masonry/banner-mobile-3.jpg",
          "width": 232,
          "height": 232
        },
        "desktop": {
          "url": "/assets/images/banner/masonry/banner-3.jpg",
          "width": 425,
          "height": 425
        }
      },
      "type": "small"
    }
  ],
  "bannerDataTwo": [
    {
      "id": 1,
      "title": "Exclusive Sunglasses",
      "slug": "exclusive-sunglasses",
      "image": {
        "mobile": {
          "url": "/assets/images/banner/masonry/banner-mobile-4.jpg",
          "width": 232,
          "height": 232
        },
        "desktop": {
          "url": "/assets/images/banner/masonry/banner-4.jpg",
          "width": 425,
          "height": 425
        }
      },
      "type": "small"
    },
    {
      "id": 2,
      "title": "Product Coupons",
      "slug": "product-coupons",
      "image": {
        "mobile": {
          "url": "/assets/images/banner/masonry/banner-mobile-5.jpg",
          "width": 232,
          "height": 232
        },
        "desktop": {
          "url": "/assets/images/banner/masonry/banner-5.jpg",
          "width": 425,
          "height": 425
        }
      },
      "type": "small"
    },
    {
      "id": 3,
      "title": "New Backpack",
      "slug": "new-backpack",
      "image": {
        "mobile": {
          "url": "/assets/images/banner/masonry/banner-mobile-6.jpg",
          "width": 470,
          "height": 232
        },
        "desktop": {
          "url": "/assets/images/banner/masonry/banner-6.jpg",
          "width": 1078,
          "height": 425
        }
      },
      "type": "medium"
    }
  ],
  "homeThreeProductsBanner": [
    {
      "id": 1,
      "title": "Sale Offer",
      "slug": "on-sale",
      "image": {
        "mobile": {
          "url": "/assets/images/banner/banner-sale-offer.jpg",
          "width": 430,
          "height": 600
        },
        "desktop": {
          "url": "/assets/images/banner/banner-sale-offer.jpg",
          "width": 430,
          "height": 600
        }
      }
    },
    {
      "id": 2,
      "title": "New Sports",
      "slug": "new-sports",
      "image": {
        "mobile": {
          "url": "/assets/images/banner/banner-sale-offer-reverse.jpg",
          "width": 430,
          "height": 600
        },
        "desktop": {
          "url": "/assets/images/banner/banner-sale-offer-reverse.jpg",
          "width": 430,
          "height": 600
        }
      }
    }
  ],
  "homeFourBanner": [
    {
      "id": 1,
      "title": "New Backpack",
      "slug": "new-backpack",
      "image": {
        "mobile": {
          "url": "/assets/images/banner/banner-mobile-6.png",
          "width": 450,
          "height": 180
        },
        "desktop": {
          "url": "/assets/images/banner/banner-6.jpg",
          "width": 1800,
          "height": 570
        }
      }
    },
    {
      "id": 2,
      "title": "Men's Collection",
      "slug": "mens-collection",
      "image": {
        "mobile": {
          "url": "/assets/images/banner/banner-mobile-5.png",
          "width": 480,
          "height": 180
        },
        "desktop": {
          "url": "/assets/images/banner/banner-5.jpg",
          "width": 1800,
          "height": 570
        }
      }
    },
    {
      "id": 3,
      "title": "Offer Off Everything",
      "slug": "winter-offer",
      "image": {
        "mobile": {
          "url": "/assets/images/banner/banner-mobile-4.jpg",
          "width": 450,
          "height": 130
        },
        "desktop": {
          "url": "/assets/images/banner/banner-4.jpg",
          "width": 1800,
          "height": 420
        }
      }
    }
  ],
  "homeFourGridBanners": [
    {
      "id": 1,
      "title": "On Selected Items",
      "slug": "featured-products",
      "image": {
        "mobile": {
          "url": "/assets/images/banner/grid/small/banner-mobile-1.jpg",
          "width": 470,
          "height": 190
        },
        "desktop": {
          "url": "/assets/images/banner/grid/small/banner-1.jpg",
          "width": 980,
          "height": 340
        }
      },
      "type": "large"
    },
    {
      "id": 2,
      "title": "Casual Top",
      "slug": "womens-collection",
      "image": {
        "mobile": {
          "url": "/assets/images/banner/grid/small/banner-mobile-2.jpg",
          "width": 232,
          "height": 190
        },
        "desktop": {
          "url": "/assets/images/banner/grid/small/banner-2.jpg",
          "width": 480,
          "height": 340
        }
      },
      "type": "small"
    },
    {
      "id": 3,
      "title": "Branded Top",
      "slug": "womens-collection",
      "image": {
        "mobile": {
          "url": "/assets/images/banner/grid/small/banner-mobile-3.jpg",
          "width": 232,
          "height": 190
        },
        "desktop": {
          "url": "/assets/images/banner/grid/small/banner-3.jpg",
          "width": 480,
          "height": 340
        }
      },
      "type": "small"
    }
  ],
  "homeFiveBanner": {
    "id": 1,
    "title": "Winter Collection of Kid Items",
    "slug": "winter-collection",
    "image": {
      "mobile": {
        "url": "/assets/images/banner/banner-mobile-3.jpg",
        "width": 450,
        "height": 180
      },
      "desktop": {
        "url": "/assets/images/banner/banner-3.jpg",
        "width": 1800,
        "height": 570
      }
    }
  }
}