{
  "env": {
    "NEXT_PUBLIC_REST_API_ENDPOINT": "Add your REST API",
    "NEXT_PUBLIC_STRIPE_PUBLISHABLE_KEY": "Stripe Payment Key",
    "NEXT_PUBLIC_GOOGLE_MAP_API_KEY": "Google Map Key",
    "NEXT_PUBLIC_SITE_URL": "Shop Frontend URL",
    "NEXTAUTH_URL": "Shop Frontend URL",
    "SECRET": "Random 32 Hash Key",
    "GOOGLE_CLIENT_ID": "Google Client Key",
    "GOOGLE_CLIENT_SECRET": "Google Client Secret"
  },
  "build": {
    "env": {
      "NEXT_PUBLIC_REST_API_ENDPOINT": "Add your REST API",
      "NEXT_PUBLIC_STRIPE_PUBLISHABLE_KEY": "Stripe Payment Key",
      "NEXT_PUBLIC_GOOGLE_MAP_API_KEY": "Google Map Key",
      "NEXT_PUBLIC_SITE_URL": "Shop Frontend URL",
      "NEXTAUTH_URL": "Shop Frontend URL",
      "SECRET": "Random 32 Hash Key",
      "GOOGLE_CLIENT_ID": "Google Client Key",
      "GOOGLE_CLIENT_SECRET": "Google Client Secret"
    }
  }
}